[
  {
    "id": "/subscriptions/92a5590d-8d7f-44d1-9a46-4e7fab67784e/resourceGroups/ResourceGroup1lod23680170/providers/Microsoft.Resources/deployments/Microsoft.Template-20220525125051/operations/0C794B7102249D01",
    "operationId": "0C794B7102249D01",
    "properties": {
      "provisioningOperation": "Read",
      "provisioningState": "Succeeded",
      "timestamp": "2022-05-25T19:53:31.6782166Z",
      "duration": "PT2M37.8460897S",
      "trackingId": "b16bcd4a-ee42-4d34-8307-6eb715fa596f",
      "statusCode": "OK",
      "targetResource": {
        "id": "/subscriptions/92a5590d-8d7f-44d1-9a46-4e7fab67784e/resourceGroups/ResourceGroup1lod23680170/providers/Microsoft.Resources/deployments/hubDeploy",
        "resourceType": "Microsoft.Resources/deployments",
        "resourceName": "hubDeploy",
        "apiVersion": "2019-10-01"
      }
    }
  },
  {
    "id": "/subscriptions/92a5590d-8d7f-44d1-9a46-4e7fab67784e/resourceGroups/ResourceGroup1lod23680170/providers/Microsoft.Resources/deployments/Microsoft.Template-20220525125051/operations/9E6781F905F16390",
    "operationId": "9E6781F905F16390",
    "properties": {
      "provisioningOperation": "Create",
      "provisioningState": "Succeeded",
      "timestamp": "2022-05-25T19:53:31.6122757Z",
      "duration": "PT2M37.7801488S",
      "trackingId": "e578e9e3-a539-4d99-838e-0ba61b19ed94",
      "statusCode": "OK",
      "targetResource": {
        "id": "/subscriptions/92a5590d-8d7f-44d1-9a46-4e7fab67784e/resourceGroups/ResourceGroup1lod23680170/providers/Microsoft.Resources/deployments/hubDeploy",
        "resourceType": "Microsoft.Resources/deployments",
        "resourceName": "hubDeploy"
      }
    }
  },
  {
    "id": "/subscriptions/92a5590d-8d7f-44d1-9a46-4e7fab67784e/resourceGroups/ResourceGroup1lod23680170/providers/Microsoft.Resources/deployments/Microsoft.Template-20220525125051/operations/08585480986323775774",
    "operationId": "08585480986323775774",
    "properties": {
      "provisioningOperation": "EvaluateDeploymentOutput",
      "provisioningState": "Succeeded",
      "timestamp": "2022-05-25T19:53:31.7399141Z",
      "duration": "PT2M37.9077872S",
      "trackingId": "0d76a01d-ca37-4c4e-a4f2-9369a86948db",
      "statusCode": "OK"
    }
  }
]