{
  "id": "/subscriptions/92a5590d-8d7f-44d1-9a46-4e7fab67784e/resourceGroups/ResourceGroup1lod23680170/providers/Microsoft.Resources/deployments/Microsoft.Template-20220525125051",
  "name": "Microsoft.Template-20220525125051",
  "type": "Microsoft.Resources/deployments",
  "tags": {
    "marketplaceItemId": "Microsoft.Template"
  },
  "properties": {
    "templateLink": {
      "uri": "https://raw.githubusercontent.com/MicrosoftLearning/MSLearnLabs-AZ-220-Microsoft-Azure-IoT-Developer/master/Allfiles/ARM/lab04.json",
      "contentVersion": "1.0.0.0"
    },
    "templateHash": "2742000483220392430",
    "parameters": {
      "yourID": {
        "type": "String",
        "value": "wfe220525"
      },
      "courseID": {
        "type": "String",
        "value": "az220"
      }
    },
    "mode": "Incremental",
    "debugSetting": {
      "detailLevel": "None"
    },
    "provisioningState": "Succeeded",
    "timestamp": "2022-05-25T19:53:31.7560239Z",
    "duration": "PT2M38.6351803S",
    "correlationId": "f45e5a39-9ba5-40f5-b621-10287f6b7b35",
    "providers": [
      {
        "namespace": "Microsoft.Resources",
        "resourceTypes": [
          {
            "resourceType": "deployments",
            "locations": [
              null
            ]
          }
        ]
      }
    ],
    "dependencies": [],
    "outputs": {
      "connectionString": {
        "type": "String",
        "value": "HostName=iot-az220-training-wfe220525.azure-devices.net;SharedAccessKeyName=iothubowner;SharedAccessKey=dYgL4/eL6+hy6muM5uvBTnbPHI2HCNTtVFk0ycZVUts="
      }
    },
    "outputResources": [
      {
        "id": "/subscriptions/92a5590d-8d7f-44d1-9a46-4e7fab67784e/resourceGroups/ResourceGroup1lod23680170/providers/Microsoft.Devices/IotHubs/iot-az220-training-wfe220525"
      }
    ],
    "validationLevel": "Template"
  }
}